{
  "mean_reward": 7.999999925494194,
  "median_reward": 7.999999925494194,
  "std_reward": 0.0,
  "mean_episode_length": 20.0,
  "completion_rate": 0.0,
  "episodes": [
    {
      "seed": 2026,
      "reward": 7.999999925494194,
      "length": 20,
      "completed": false,
      "lap_progress": 0.01
    }
  ]
}